{
  "run_id": "20260629T110050522373Z",
  "timestamp": "20260629T110050522373Z",
  "config_path": "python\\configs\\omega_loop_test.yaml",
  "output_root": "python\\runs",
  "run_dir": "python\\runs\\auto_research\\20260629T110050522373Z",
  "task_name": "auto_research",
  "active_mmss_system": "MMSSPHYSIC20FORMALIZEDv2",
  "active_mmss_spec": "D:\\project\\mmss_specs\\MMSSPHYSIC20FORMALIZEDv2.json",
  "active_prompt": "D:\\project\\llm\\prompts\\work\\log_analysis.md",
  "final_metrics": {
    "test_acc_clean": 0.7865,
    "test_acc_perturbed": 0.751921,
    "inference_latency_ms": 50.33,
    "energy_rel_v4": 0.270932,
    "alpha": 1.11964,
    "delta": 0.623563,
    "alpha_delta_ratio": 1.795554,
    "eta_tern": 0.97764,
    "zeta_Z3": 0.840458,
    "V": 0.778274,
    "N": 0.843488,
    "S": 0.156512,
    "Df": 9.025882,
    "GS": 114.875257,
    "RT": 2.61803,
    "goldenscore": 0.83651,
    "spec_quality": 0.7964,
    "prompt_quality": 0.87125
  },
  "task_results": [
    {
      "task": "xor",
      "seed": 5,
      "test_acc_clean": 0.775145,
      "test_acc_perturbed": 0.742835,
      "inference_latency_ms": 46.33,
      "energy_rel_v4": 0.245432,
      "alpha": 1.11964,
      "delta": 0.623563,
      "alpha_delta_ratio": 1.795554,
      "eta_tern": 0.97964,
      "zeta_Z3": 0.847125,
      "V": 0.77146,
      "N": 0.838378,
      "S": 0.161622,
      "Df": 9.026427,
      "GS": 114.34389,
      "RT": 2.61803,
      "goldenscore": 0.832566,
      "spec_quality": 0.7964,
      "prompt_quality": 0.87125
    },
    {
      "task": "xor",
      "seed": 19,
      "test_acc_clean": 0.77513,
      "test_acc_perturbed": 0.734506,
      "inference_latency_ms": 46.33,
      "energy_rel_v4": 0.245432,
      "alpha": 1.11964,
      "delta": 0.623563,
      "alpha_delta_ratio": 1.795554,
      "eta_tern": 0.97964,
      "zeta_Z3": 0.847125,
      "V": 0.768679,
      "N": 0.838371,
      "S": 0.161629,
      "Df": 9.02665,
      "GS": 114.065766,
      "RT": 2.61803,
      "goldenscore": 0.832558,
      "spec_quality": 0.7964,
      "prompt_quality": 0.87125
    },
    {
      "task": "xor",
      "seed": 31,
      "test_acc_clean": 0.775176,
      "test_acc_perturbed": 0.742176,
      "inference_latency_ms": 46.33,
      "energy_rel_v4": 0.245432,
      "alpha": 1.11964,
      "delta": 0.623563,
      "alpha_delta_ratio": 1.795554,
      "eta_tern": 0.97964,
      "zeta_Z3": 0.847125,
      "V": 0.771251,
      "N": 0.838392,
      "S": 0.161608,
      "Df": 9.026444,
      "GS": 114.322935,
      "RT": 2.61803,
      "goldenscore": 0.832581,
      "spec_quality": 0.7964,
      "prompt_quality": 0.87125
    },
    {
      "task": "gmm",
      "seed": 5,
      "test_acc_clean": 0.807511,
      "test_acc_perturbed": 0.775332,
      "inference_latency_ms": 49.33,
      "energy_rel_v4": 0.258432,
      "alpha": 1.11964,
      "delta": 0.623563,
      "alpha_delta_ratio": 1.795554,
      "eta_tern": 0.96964,
      "zeta_Z3": 0.807125,
      "V": 0.793081,
      "N": 0.852943,
      "S": 0.147057,
      "Df": 9.024698,
      "GS": 115.655977,
      "RT": 2.61803,
      "goldenscore": 0.838749,
      "spec_quality": 0.7964,
      "prompt_quality": 0.87125
    },
    {
      "task": "gmm",
      "seed": 19,
      "test_acc_clean": 0.807916,
      "test_acc_perturbed": 0.772037,
      "inference_latency_ms": 49.33,
      "energy_rel_v4": 0.258432,
      "alpha": 1.11964,
      "delta": 0.623563,
      "alpha_delta_ratio": 1.795554,
      "eta_tern": 0.96964,
      "zeta_Z3": 0.807125,
      "V": 0.792118,
      "N": 0.853125,
      "S": 0.146875,
      "Df": 9.024775,
      "GS": 115.559659,
      "RT": 2.61803,
      "goldenscore": 0.838951,
      "spec_quality": 0.7964,
      "prompt_quality": 0.87125
    },
    {
      "task": "gmm",
      "seed": 31,
      "test_acc_clean": 0.807696,
      "test_acc_perturbed": 0.773829,
      "inference_latency_ms": 49.33,
      "energy_rel_v4": 0.258432,
      "alpha": 1.11964,
      "delta": 0.623563,
      "alpha_delta_ratio": 1.795554,
      "eta_tern": 0.96964,
      "zeta_Z3": 0.807125,
      "V": 0.792641,
      "N": 0.853026,
      "S": 0.146974,
      "Df": 9.024733,
      "GS": 115.61202,
      "RT": 2.61803,
      "goldenscore": 0.838841,
      "spec_quality": 0.7964,
      "prompt_quality": 0.87125
    },
    {
      "task": "mnist",
      "seed": 5,
      "test_acc_clean": 0.776711,
      "test_acc_perturbed": 0.740795,
      "inference_latency_ms": 55.33,
      "energy_rel_v4": 0.308932,
      "alpha": 1.11964,
      "delta": 0.623563,
      "alpha_delta_ratio": 1.795554,
      "eta_tern": 0.98364,
      "zeta_Z3": 0.867125,
      "V": 0.771302,
      "N": 0.839083,
      "S": 0.160917,
      "Df": 9.02644,
      "GS": 114.728076,
      "RT": 2.61803,
      "goldenscore": 0.838149,
      "spec_quality": 0.7964,
      "prompt_quality": 0.87125
    },
    {
      "task": "mnist",
      "seed": 19,
      "test_acc_clean": 0.776527,
      "test_acc_perturbed": 0.74452,
      "inference_latency_ms": 55.33,
      "energy_rel_v4": 0.308932,
      "alpha": 1.11964,
      "delta": 0.623563,
      "alpha_delta_ratio": 1.795554,
      "eta_tern": 0.98364,
      "zeta_Z3": 0.867125,
      "V": 0.772482,
      "N": 0.838999,
      "S": 0.161001,
      "Df": 9.026345,
      "GS": 114.846083,
      "RT": 2.61803,
      "goldenscore": 0.838056,
      "spec_quality": 0.7964,
      "prompt_quality": 0.87125
    },
    {
      "task": "mnist",
      "seed": 31,
      "test_acc_clean": 0.776688,
      "test_acc_perturbed": 0.741263,
      "inference_latency_ms": 55.33,
      "energy_rel_v4": 0.308932,
      "alpha": 1.11964,
      "delta": 0.623563,
      "alpha_delta_ratio": 1.795554,
      "eta_tern": 0.98364,
      "zeta_Z3": 0.867125,
      "V": 0.77145,
      "N": 0.839072,
      "S": 0.160928,
      "Df": 9.026428,
      "GS": 114.74291,
      "RT": 2.61803,
      "goldenscore": 0.838137,
      "spec_quality": 0.7964,
      "prompt_quality": 0.87125
    }
  ],
  "summary": {
    "task_count": 3,
    "seed_count": 3,
    "spec_quality": 0.7964,
    "prompt_quality": 0.87125
  },
  "omega_core_snapshot": {
    "ontology_version": "1.0",
    "system_count": 6
  }
}