{
  "run_id": "20260629T105243833704Z",
  "timestamp": "20260629T105243833704Z",
  "config_path": "python\\configs\\omega_loop_test.yaml",
  "output_root": "python\\runs",
  "run_dir": "python\\runs\\auto_research\\20260629T105243833704Z",
  "task_name": "auto_research",
  "active_mmss_system": "MMSSPHYSIC20FORMALIZEDv2",
  "active_mmss_spec": "D:\\project\\mmss_specs\\MMSSPHYSIC20FORMALIZEDv2.json",
  "active_prompt": "D:\\project\\llm\\prompts\\work\\log_analysis.md",
  "final_metrics": {
    "test_acc_clean": 0.78639,
    "test_acc_perturbed": 0.751812,
    "inference_latency_ms": 50.33,
    "energy_rel_v4": 0.27701,
    "alpha": 1.123033,
    "delta": 0.594563,
    "alpha_delta_ratio": 1.88884,
    "eta_tern": 0.981033,
    "zeta_Z3": 0.840458,
    "V": 0.789512,
    "N": 0.843438,
    "S": 0.156562,
    "Df": 9.023626,
    "GS": 116.08388,
    "RT": 2.61803,
    "goldenscore": 0.840527,
    "spec_quality": 0.830333,
    "prompt_quality": 0.87125
  },
  "task_results": [
    {
      "task": "xor",
      "seed": 5,
      "test_acc_clean": 0.77536,
      "test_acc_perturbed": 0.74305,
      "inference_latency_ms": 46.33,
      "energy_rel_v4": 0.25151,
      "alpha": 1.123033,
      "delta": 0.594563,
      "alpha_delta_ratio": 1.88884,
      "eta_tern": 0.983033,
      "zeta_Z3": 0.847125,
      "V": 0.782914,
      "N": 0.838474,
      "S": 0.161526,
      "Df": 9.024154,
      "GS": 115.57415,
      "RT": 2.61803,
      "goldenscore": 0.836745,
      "spec_quality": 0.830333,
      "prompt_quality": 0.87125
    },
    {
      "task": "xor",
      "seed": 19,
      "test_acc_clean": 0.775346,
      "test_acc_perturbed": 0.734722,
      "inference_latency_ms": 46.33,
      "energy_rel_v4": 0.25151,
      "alpha": 1.123033,
      "delta": 0.594563,
      "alpha_delta_ratio": 1.88884,
      "eta_tern": 0.983033,
      "zeta_Z3": 0.847125,
      "V": 0.780133,
      "N": 0.838468,
      "S": 0.161532,
      "Df": 9.024376,
      "GS": 115.296055,
      "RT": 2.61803,
      "goldenscore": 0.836738,
      "spec_quality": 0.830333,
      "prompt_quality": 0.87125
    },
    {
      "task": "xor",
      "seed": 31,
      "test_acc_clean": 0.77539,
      "test_acc_perturbed": 0.74239,
      "inference_latency_ms": 46.33,
      "energy_rel_v4": 0.25151,
      "alpha": 1.123033,
      "delta": 0.594563,
      "alpha_delta_ratio": 1.88884,
      "eta_tern": 0.983033,
      "zeta_Z3": 0.847125,
      "V": 0.782704,
      "N": 0.838488,
      "S": 0.161512,
      "Df": 9.02417,
      "GS": 115.553137,
      "RT": 2.61803,
      "goldenscore": 0.83676,
      "spec_quality": 0.830333,
      "prompt_quality": 0.87125
    },
    {
      "task": "gmm",
      "seed": 5,
      "test_acc_clean": 0.806801,
      "test_acc_perturbed": 0.774621,
      "inference_latency_ms": 49.33,
      "energy_rel_v4": 0.26451,
      "alpha": 1.123033,
      "delta": 0.594563,
      "alpha_delta_ratio": 1.88884,
      "eta_tern": 0.973033,
      "zeta_Z3": 0.807125,
      "V": 0.803919,
      "N": 0.852623,
      "S": 0.147377,
      "Df": 9.022473,
      "GS": 116.824562,
      "RT": 2.61803,
      "goldenscore": 0.842465,
      "spec_quality": 0.830333,
      "prompt_quality": 0.87125
    },
    {
      "task": "gmm",
      "seed": 19,
      "test_acc_clean": 0.807194,
      "test_acc_perturbed": 0.771315,
      "inference_latency_ms": 49.33,
      "energy_rel_v4": 0.26451,
      "alpha": 1.123033,
      "delta": 0.594563,
      "alpha_delta_ratio": 1.88884,
      "eta_tern": 0.973033,
      "zeta_Z3": 0.807125,
      "V": 0.802948,
      "N": 0.8528,
      "S": 0.1472,
      "Df": 9.022551,
      "GS": 116.727472,
      "RT": 2.61803,
      "goldenscore": 0.842662,
      "spec_quality": 0.830333,
      "prompt_quality": 0.87125
    },
    {
      "task": "gmm",
      "seed": 31,
      "test_acc_clean": 0.80698,
      "test_acc_perturbed": 0.773113,
      "inference_latency_ms": 49.33,
      "energy_rel_v4": 0.26451,
      "alpha": 1.123033,
      "delta": 0.594563,
      "alpha_delta_ratio": 1.88884,
      "eta_tern": 0.973033,
      "zeta_Z3": 0.807125,
      "V": 0.803475,
      "N": 0.852703,
      "S": 0.147297,
      "Df": 9.022509,
      "GS": 116.780253,
      "RT": 2.61803,
      "goldenscore": 0.842555,
      "spec_quality": 0.830333,
      "prompt_quality": 0.87125
    },
    {
      "task": "mnist",
      "seed": 5,
      "test_acc_clean": 0.776881,
      "test_acc_perturbed": 0.740965,
      "inference_latency_ms": 55.33,
      "energy_rel_v4": 0.31501,
      "alpha": 1.123033,
      "delta": 0.594563,
      "alpha_delta_ratio": 1.88884,
      "eta_tern": 0.987033,
      "zeta_Z3": 0.867125,
      "V": 0.782726,
      "N": 0.839159,
      "S": 0.160841,
      "Df": 9.024169,
      "GS": 115.955352,
      "RT": 2.61803,
      "goldenscore": 0.842306,
      "spec_quality": 0.830333,
      "prompt_quality": 0.87125
    },
    {
      "task": "mnist",
      "seed": 19,
      "test_acc_clean": 0.776702,
      "test_acc_perturbed": 0.744695,
      "inference_latency_ms": 55.33,
      "energy_rel_v4": 0.31501,
      "alpha": 1.123033,
      "delta": 0.594563,
      "alpha_delta_ratio": 1.88884,
      "eta_tern": 0.987033,
      "zeta_Z3": 0.867125,
      "V": 0.78391,
      "N": 0.839078,
      "S": 0.160922,
      "Df": 9.024074,
      "GS": 116.073711,
      "RT": 2.61803,
      "goldenscore": 0.842216,
      "spec_quality": 0.830333,
      "prompt_quality": 0.87125
    },
    {
      "task": "mnist",
      "seed": 31,
      "test_acc_clean": 0.776859,
      "test_acc_perturbed": 0.741434,
      "inference_latency_ms": 55.33,
      "energy_rel_v4": 0.31501,
      "alpha": 1.123033,
      "delta": 0.594563,
      "alpha_delta_ratio": 1.88884,
      "eta_tern": 0.987033,
      "zeta_Z3": 0.867125,
      "V": 0.782875,
      "N": 0.839149,
      "S": 0.160851,
      "Df": 9.024157,
      "GS": 115.97023,
      "RT": 2.61803,
      "goldenscore": 0.842294,
      "spec_quality": 0.830333,
      "prompt_quality": 0.87125
    }
  ],
  "summary": {
    "task_count": 3,
    "seed_count": 3,
    "spec_quality": 0.830333,
    "prompt_quality": 0.87125
  },
  "omega_core_snapshot": {
    "ontology_version": "1.0",
    "system_count": 6
  }
}