{
  "run_id": "20260629T104022556585Z",
  "timestamp": "20260629T104022556585Z",
  "config_path": "python\\configs\\omega_loop_test.yaml",
  "output_root": "python\\runs",
  "run_dir": "python\\runs\\auto_research\\20260629T104022556585Z",
  "task_name": "auto_research",
  "active_mmss_system": "MMSSPHYSIC20FORMALIZEDv2",
  "active_mmss_spec": "D:\\project\\mmss_specs\\MMSSPHYSIC20FORMALIZEDv2.json",
  "active_prompt": "D:\\project\\llm\\prompts\\work\\log_analysis.md",
  "final_metrics": {
    "test_acc_clean": 0.787348,
    "test_acc_perturbed": 0.75277,
    "inference_latency_ms": 50.33,
    "energy_rel_v4": 0.26686,
    "alpha": 1.123033,
    "delta": 0.623563,
    "alpha_delta_ratio": 1.800996,
    "eta_tern": 0.981033,
    "zeta_Z3": 0.840458,
    "V": 0.790151,
    "N": 0.843869,
    "S": 0.156131,
    "Df": 9.023575,
    "GS": 116.147757,
    "RT": 2.61803,
    "goldenscore": 0.841006,
    "spec_quality": 0.830333,
    "prompt_quality": 0.87125
  },
  "task_results": [
    {
      "task": "xor",
      "seed": 5,
      "test_acc_clean": 0.775993,
      "test_acc_perturbed": 0.743684,
      "inference_latency_ms": 46.33,
      "energy_rel_v4": 0.24136,
      "alpha": 1.123033,
      "delta": 0.623563,
      "alpha_delta_ratio": 1.800996,
      "eta_tern": 0.983033,
      "zeta_Z3": 0.847125,
      "V": 0.783337,
      "N": 0.83876,
      "S": 0.16124,
      "Df": 9.02412,
      "GS": 115.61639,
      "RT": 2.61803,
      "goldenscore": 0.837062,
      "spec_quality": 0.830333,
      "prompt_quality": 0.87125
    },
    {
      "task": "xor",
      "seed": 19,
      "test_acc_clean": 0.775979,
      "test_acc_perturbed": 0.735355,
      "inference_latency_ms": 46.33,
      "energy_rel_v4": 0.24136,
      "alpha": 1.123033,
      "delta": 0.623563,
      "alpha_delta_ratio": 1.800996,
      "eta_tern": 0.983033,
      "zeta_Z3": 0.847125,
      "V": 0.780556,
      "N": 0.838753,
      "S": 0.161247,
      "Df": 9.024342,
      "GS": 115.338266,
      "RT": 2.61803,
      "goldenscore": 0.837054,
      "spec_quality": 0.830333,
      "prompt_quality": 0.87125
    },
    {
      "task": "xor",
      "seed": 31,
      "test_acc_clean": 0.776024,
      "test_acc_perturbed": 0.743024,
      "inference_latency_ms": 46.33,
      "energy_rel_v4": 0.24136,
      "alpha": 1.123033,
      "delta": 0.623563,
      "alpha_delta_ratio": 1.800996,
      "eta_tern": 0.983033,
      "zeta_Z3": 0.847125,
      "V": 0.783127,
      "N": 0.838773,
      "S": 0.161227,
      "Df": 9.024136,
      "GS": 115.595435,
      "RT": 2.61803,
      "goldenscore": 0.837077,
      "spec_quality": 0.830333,
      "prompt_quality": 0.87125
    },
    {
      "task": "gmm",
      "seed": 5,
      "test_acc_clean": 0.80836,
      "test_acc_perturbed": 0.77618,
      "inference_latency_ms": 49.33,
      "energy_rel_v4": 0.25436,
      "alpha": 1.123033,
      "delta": 0.623563,
      "alpha_delta_ratio": 1.800996,
      "eta_tern": 0.973033,
      "zeta_Z3": 0.807125,
      "V": 0.804958,
      "N": 0.853324,
      "S": 0.146676,
      "Df": 9.02239,
      "GS": 116.928477,
      "RT": 2.61803,
      "goldenscore": 0.843245,
      "spec_quality": 0.830333,
      "prompt_quality": 0.87125
    },
    {
      "task": "gmm",
      "seed": 19,
      "test_acc_clean": 0.808765,
      "test_acc_perturbed": 0.772886,
      "inference_latency_ms": 49.33,
      "energy_rel_v4": 0.25436,
      "alpha": 1.123033,
      "delta": 0.623563,
      "alpha_delta_ratio": 1.800996,
      "eta_tern": 0.973033,
      "zeta_Z3": 0.807125,
      "V": 0.803995,
      "N": 0.853507,
      "S": 0.146493,
      "Df": 9.022467,
      "GS": 116.832159,
      "RT": 2.61803,
      "goldenscore": 0.843447,
      "spec_quality": 0.830333,
      "prompt_quality": 0.87125
    },
    {
      "task": "gmm",
      "seed": 31,
      "test_acc_clean": 0.808544,
      "test_acc_perturbed": 0.774677,
      "inference_latency_ms": 49.33,
      "energy_rel_v4": 0.25436,
      "alpha": 1.123033,
      "delta": 0.623563,
      "alpha_delta_ratio": 1.800996,
      "eta_tern": 0.973033,
      "zeta_Z3": 0.807125,
      "V": 0.804518,
      "N": 0.853407,
      "S": 0.146593,
      "Df": 9.022425,
      "GS": 116.88452,
      "RT": 2.61803,
      "goldenscore": 0.843337,
      "spec_quality": 0.830333,
      "prompt_quality": 0.87125
    },
    {
      "task": "mnist",
      "seed": 5,
      "test_acc_clean": 0.77756,
      "test_acc_perturbed": 0.741643,
      "inference_latency_ms": 55.33,
      "energy_rel_v4": 0.30486,
      "alpha": 1.123033,
      "delta": 0.623563,
      "alpha_delta_ratio": 1.800996,
      "eta_tern": 0.987033,
      "zeta_Z3": 0.867125,
      "V": 0.783179,
      "N": 0.839464,
      "S": 0.160536,
      "Df": 9.024132,
      "GS": 116.000576,
      "RT": 2.61803,
      "goldenscore": 0.842645,
      "spec_quality": 0.830333,
      "prompt_quality": 0.87125
    },
    {
      "task": "mnist",
      "seed": 19,
      "test_acc_clean": 0.777375,
      "test_acc_perturbed": 0.745368,
      "inference_latency_ms": 55.33,
      "energy_rel_v4": 0.30486,
      "alpha": 1.123033,
      "delta": 0.623563,
      "alpha_delta_ratio": 1.800996,
      "eta_tern": 0.987033,
      "zeta_Z3": 0.867125,
      "V": 0.784359,
      "N": 0.839381,
      "S": 0.160619,
      "Df": 9.024038,
      "GS": 116.118583,
      "RT": 2.61803,
      "goldenscore": 0.842552,
      "spec_quality": 0.830333,
      "prompt_quality": 0.87125
    },
    {
      "task": "mnist",
      "seed": 31,
      "test_acc_clean": 0.777536,
      "test_acc_perturbed": 0.742111,
      "inference_latency_ms": 55.33,
      "energy_rel_v4": 0.30486,
      "alpha": 1.123033,
      "delta": 0.623563,
      "alpha_delta_ratio": 1.800996,
      "eta_tern": 0.987033,
      "zeta_Z3": 0.867125,
      "V": 0.783327,
      "N": 0.839454,
      "S": 0.160546,
      "Df": 9.024121,
      "GS": 116.01541,
      "RT": 2.61803,
      "goldenscore": 0.842633,
      "spec_quality": 0.830333,
      "prompt_quality": 0.87125
    }
  ],
  "summary": {
    "task_count": 3,
    "seed_count": 3,
    "spec_quality": 0.830333,
    "prompt_quality": 0.87125
  },
  "omega_core_snapshot": {
    "ontology_version": "1.0",
    "system_count": 6
  }
}