{
  "run_id": "20260629T122856338856Z",
  "timestamp": "20260629T122856338856Z",
  "config_path": "python\\configs\\omega_experiment_01.yaml",
  "output_root": "python\\runs",
  "run_dir": "python\\runs\\auto_research\\20260629T122856338856Z",
  "task_name": "auto_research",
  "active_mmss_system": "MMSSUNIVERSALMETALAYERv1.0",
  "active_mmss_spec": "D:\\project\\mmss_specs\\MMSSUNIVERSALMETALAYERv1.0.json",
  "active_prompt": "D:\\project\\llm\\prompts\\work\\mmss_synthesis.md",
  "final_metrics": {
    "test_acc_clean": 0.90595,
    "test_acc_perturbed": 0.873161,
    "inference_latency_ms": 45.345,
    "energy_rel_v4": 0.18193,
    "alpha": 1.293183,
    "delta": 0.711094,
    "alpha_delta_ratio": 1.818583,
    "eta_tern": 1.0,
    "zeta_Z3": 1.0,
    "V": 0.870315,
    "N": 0.926771,
    "S": 0.073229,
    "Df": 9.017101,
    "GS": 127.031469,
    "RT": 2.61803,
    "goldenscore": 0.936158,
    "spec_quality": 0.831833,
    "prompt_quality": 0.921875
  },
  "task_results": [
    {
      "task": "xor",
      "seed": 11,
      "test_acc_clean": 0.834179,
      "test_acc_perturbed": 0.803031,
      "inference_latency_ms": 43.845,
      "energy_rel_v4": 0.17543,
      "alpha": 1.293183,
      "delta": 0.711094,
      "alpha_delta_ratio": 1.818583,
      "eta_tern": 1.0,
      "zeta_Z3": 1.0,
      "V": 0.823015,
      "N": 0.894474,
      "S": 0.105526,
      "Df": 9.020885,
      "GS": 122.30147,
      "RT": 2.61803,
      "goldenscore": 0.900273,
      "spec_quality": 0.831833,
      "prompt_quality": 0.921875
    },
    {
      "task": "xor",
      "seed": 17,
      "test_acc_clean": 0.834385,
      "test_acc_perturbed": 0.801947,
      "inference_latency_ms": 43.845,
      "energy_rel_v4": 0.17543,
      "alpha": 1.293183,
      "delta": 0.711094,
      "alpha_delta_ratio": 1.818583,
      "eta_tern": 1.0,
      "zeta_Z3": 1.0,
      "V": 0.822722,
      "N": 0.894567,
      "S": 0.105433,
      "Df": 9.020909,
      "GS": 122.272164,
      "RT": 2.61803,
      "goldenscore": 0.900376,
      "spec_quality": 0.831833,
      "prompt_quality": 0.921875
    },
    {
      "task": "xor",
      "seed": 23,
      "test_acc_clean": 0.833769,
      "test_acc_perturbed": 0.805206,
      "inference_latency_ms": 43.845,
      "energy_rel_v4": 0.17543,
      "alpha": 1.293183,
      "delta": 0.711094,
      "alpha_delta_ratio": 1.818583,
      "eta_tern": 1.0,
      "zeta_Z3": 1.0,
      "V": 0.823603,
      "N": 0.89429,
      "S": 0.10571,
      "Df": 9.020838,
      "GS": 122.360298,
      "RT": 2.61803,
      "goldenscore": 0.900068,
      "spec_quality": 0.831833,
      "prompt_quality": 0.921875
    },
    {
      "task": "gmm",
      "seed": 11,
      "test_acc_clean": 0.977978,
      "test_acc_perturbed": 0.943538,
      "inference_latency_ms": 46.845,
      "energy_rel_v4": 0.18843,
      "alpha": 1.293183,
      "delta": 0.711094,
      "alpha_delta_ratio": 1.818583,
      "eta_tern": 1.0,
      "zeta_Z3": 1.0,
      "V": 0.917783,
      "N": 0.959184,
      "S": 0.040816,
      "Df": 9.013304,
      "GS": 131.778309,
      "RT": 2.61803,
      "goldenscore": 0.972172,
      "spec_quality": 0.831833,
      "prompt_quality": 0.921875
    },
    {
      "task": "gmm",
      "seed": 17,
      "test_acc_clean": 0.977445,
      "test_acc_perturbed": 0.941812,
      "inference_latency_ms": 46.845,
      "energy_rel_v4": 0.18843,
      "alpha": 1.293183,
      "delta": 0.711094,
      "alpha_delta_ratio": 1.818583,
      "eta_tern": 1.0,
      "zeta_Z3": 1.0,
      "V": 0.91703,
      "N": 0.958944,
      "S": 0.041056,
      "Df": 9.013364,
      "GS": 131.70303,
      "RT": 2.61803,
      "goldenscore": 0.971906,
      "spec_quality": 0.831833,
      "prompt_quality": 0.921875
    },
    {
      "task": "gmm",
      "seed": 23,
      "test_acc_clean": 0.977944,
      "test_acc_perturbed": 0.943429,
      "inference_latency_ms": 46.845,
      "energy_rel_v4": 0.18843,
      "alpha": 1.293183,
      "delta": 0.711094,
      "alpha_delta_ratio": 1.818583,
      "eta_tern": 1.0,
      "zeta_Z3": 1.0,
      "V": 0.917735,
      "N": 0.959169,
      "S": 0.040831,
      "Df": 9.013308,
      "GS": 131.773544,
      "RT": 2.61803,
      "goldenscore": 0.972155,
      "spec_quality": 0.831833,
      "prompt_quality": 0.921875
    }
  ],
  "summary": {
    "task_count": 2,
    "seed_count": 3,
    "spec_quality": 0.831833,
    "prompt_quality": 0.921875
  },
  "omega_core_snapshot": {
    "ontology_version": "1.0",
    "system_count": 6
  }
}