{
  "run_id": "20260629T111556725747Z",
  "timestamp": "20260629T111556725747Z",
  "config_path": "python\\configs\\omega_loop_test.yaml",
  "output_root": "python\\runs",
  "run_dir": "python\\runs\\auto_research\\20260629T111556725747Z",
  "task_name": "auto_research",
  "active_mmss_system": "MMSSPHYSIC20FORMALIZEDv2",
  "active_mmss_spec": "D:\\project\\mmss_specs\\MMSSPHYSIC20FORMALIZEDv2.json",
  "active_prompt": "D:\\project\\llm\\prompts\\work\\log_analysis.md",
  "final_metrics": {
    "test_acc_clean": 0.787805,
    "test_acc_perturbed": 0.753227,
    "inference_latency_ms": 50.33,
    "energy_rel_v4": 0.26686,
    "alpha": 1.117633,
    "delta": 0.625687,
    "alpha_delta_ratio": 1.786248,
    "eta_tern": 0.981033,
    "zeta_Z3": 0.844708,
    "V": 0.790455,
    "N": 0.8462,
    "S": 0.1538,
    "Df": 9.02355,
    "GS": 116.241972,
    "RT": 2.61803,
    "goldenscore": 0.842084,
    "spec_quality": 0.830333,
    "prompt_quality": 0.91375
  },
  "task_results": [
    {
      "task": "xor",
      "seed": 5,
      "test_acc_clean": 0.776512,
      "test_acc_perturbed": 0.744202,
      "inference_latency_ms": 46.33,
      "energy_rel_v4": 0.24136,
      "alpha": 1.117633,
      "delta": 0.625687,
      "alpha_delta_ratio": 1.786248,
      "eta_tern": 0.983033,
      "zeta_Z3": 0.851375,
      "V": 0.783682,
      "N": 0.841118,
      "S": 0.158882,
      "Df": 9.024092,
      "GS": 115.714681,
      "RT": 2.61803,
      "goldenscore": 0.838171,
      "spec_quality": 0.830333,
      "prompt_quality": 0.91375
    },
    {
      "task": "xor",
      "seed": 19,
      "test_acc_clean": 0.776497,
      "test_acc_perturbed": 0.735873,
      "inference_latency_ms": 46.33,
      "energy_rel_v4": 0.24136,
      "alpha": 1.117633,
      "delta": 0.625687,
      "alpha_delta_ratio": 1.786248,
      "eta_tern": 0.983033,
      "zeta_Z3": 0.851375,
      "V": 0.780901,
      "N": 0.841111,
      "S": 0.158889,
      "Df": 9.024315,
      "GS": 115.436563,
      "RT": 2.61803,
      "goldenscore": 0.838163,
      "spec_quality": 0.830333,
      "prompt_quality": 0.91375
    },
    {
      "task": "xor",
      "seed": 31,
      "test_acc_clean": 0.776542,
      "test_acc_perturbed": 0.743542,
      "inference_latency_ms": 46.33,
      "energy_rel_v4": 0.24136,
      "alpha": 1.117633,
      "delta": 0.625687,
      "alpha_delta_ratio": 1.786248,
      "eta_tern": 0.983033,
      "zeta_Z3": 0.851375,
      "V": 0.783473,
      "N": 0.841131,
      "S": 0.158869,
      "Df": 9.024109,
      "GS": 115.693716,
      "RT": 2.61803,
      "goldenscore": 0.838186,
      "spec_quality": 0.830333,
      "prompt_quality": 0.91375
    },
    {
      "task": "gmm",
      "seed": 5,
      "test_acc_clean": 0.808703,
      "test_acc_perturbed": 0.776524,
      "inference_latency_ms": 49.33,
      "energy_rel_v4": 0.25436,
      "alpha": 1.117633,
      "delta": 0.625687,
      "alpha_delta_ratio": 1.786248,
      "eta_tern": 0.973033,
      "zeta_Z3": 0.811375,
      "V": 0.805187,
      "N": 0.855604,
      "S": 0.144396,
      "Df": 9.022372,
      "GS": 117.015148,
      "RT": 2.61803,
      "goldenscore": 0.844267,
      "spec_quality": 0.830333,
      "prompt_quality": 0.91375
    },
    {
      "task": "gmm",
      "seed": 19,
      "test_acc_clean": 0.809106,
      "test_acc_perturbed": 0.773227,
      "inference_latency_ms": 49.33,
      "energy_rel_v4": 0.25436,
      "alpha": 1.117633,
      "delta": 0.625687,
      "alpha_delta_ratio": 1.786248,
      "eta_tern": 0.973033,
      "zeta_Z3": 0.811375,
      "V": 0.804222,
      "N": 0.855785,
      "S": 0.144215,
      "Df": 9.022449,
      "GS": 116.918685,
      "RT": 2.61803,
      "goldenscore": 0.844468,
      "spec_quality": 0.830333,
      "prompt_quality": 0.91375
    },
    {
      "task": "gmm",
      "seed": 31,
      "test_acc_clean": 0.808887,
      "test_acc_perturbed": 0.77502,
      "inference_latency_ms": 49.33,
      "energy_rel_v4": 0.25436,
      "alpha": 1.117633,
      "delta": 0.625687,
      "alpha_delta_ratio": 1.786248,
      "eta_tern": 0.973033,
      "zeta_Z3": 0.811375,
      "V": 0.804747,
      "N": 0.855687,
      "S": 0.144313,
      "Df": 9.022407,
      "GS": 116.971125,
      "RT": 2.61803,
      "goldenscore": 0.844358,
      "spec_quality": 0.830333,
      "prompt_quality": 0.91375
    },
    {
      "task": "mnist",
      "seed": 5,
      "test_acc_clean": 0.778069,
      "test_acc_perturbed": 0.742153,
      "inference_latency_ms": 55.33,
      "energy_rel_v4": 0.30486,
      "alpha": 1.117633,
      "delta": 0.625687,
      "alpha_delta_ratio": 1.786248,
      "eta_tern": 0.987033,
      "zeta_Z3": 0.871375,
      "V": 0.783518,
      "N": 0.841819,
      "S": 0.158181,
      "Df": 9.024105,
      "GS": 116.098306,
      "RT": 2.61803,
      "goldenscore": 0.84375,
      "spec_quality": 0.830333,
      "prompt_quality": 0.91375
    },
    {
      "task": "mnist",
      "seed": 19,
      "test_acc_clean": 0.777886,
      "test_acc_perturbed": 0.745879,
      "inference_latency_ms": 55.33,
      "energy_rel_v4": 0.30486,
      "alpha": 1.117633,
      "delta": 0.625687,
      "alpha_delta_ratio": 1.786248,
      "eta_tern": 0.987033,
      "zeta_Z3": 0.871375,
      "V": 0.784699,
      "N": 0.841736,
      "S": 0.158264,
      "Df": 9.024011,
      "GS": 116.216379,
      "RT": 2.61803,
      "goldenscore": 0.843658,
      "spec_quality": 0.830333,
      "prompt_quality": 0.91375
    },
    {
      "task": "mnist",
      "seed": 31,
      "test_acc_clean": 0.778046,
      "test_acc_perturbed": 0.742621,
      "inference_latency_ms": 55.33,
      "energy_rel_v4": 0.30486,
      "alpha": 1.117633,
      "delta": 0.625687,
      "alpha_delta_ratio": 1.786248,
      "eta_tern": 0.987033,
      "zeta_Z3": 0.871375,
      "V": 0.783667,
      "N": 0.841808,
      "S": 0.158192,
      "Df": 9.024093,
      "GS": 116.113147,
      "RT": 2.61803,
      "goldenscore": 0.843738,
      "spec_quality": 0.830333,
      "prompt_quality": 0.91375
    }
  ],
  "summary": {
    "task_count": 3,
    "seed_count": 3,
    "spec_quality": 0.830333,
    "prompt_quality": 0.91375
  },
  "omega_core_snapshot": {
    "ontology_version": "1.0",
    "system_count": 6
  }
}