{
  "run_id": "20260629T122327931245Z",
  "timestamp": "20260629T122327931245Z",
  "config_path": "python\\configs\\omega_experiment_01.yaml",
  "output_root": "python\\runs",
  "run_dir": "python\\runs\\auto_research\\20260629T122327931245Z",
  "task_name": "auto_research",
  "active_mmss_system": "MMSSUNIVERSALMETALAYERv1.0",
  "active_mmss_spec": "D:\\project\\mmss_specs\\MMSSUNIVERSALMETALAYERv1.0.json",
  "active_prompt": "D:\\project\\llm\\prompts\\work\\mmss_synthesis.md",
  "final_metrics": {
    "test_acc_clean": 0.91134,
    "test_acc_perturbed": 0.878551,
    "inference_latency_ms": 45.345,
    "energy_rel_v4": 0.16968,
    "alpha": 1.293183,
    "delta": 0.746094,
    "alpha_delta_ratio": 1.733272,
    "eta_tern": 1.0,
    "zeta_Z3": 1.0,
    "V": 0.873908,
    "N": 0.929197,
    "S": 0.070803,
    "Df": 9.016814,
    "GS": 127.390815,
    "RT": 2.61803,
    "goldenscore": 0.938853,
    "spec_quality": 0.831833,
    "prompt_quality": 0.921875
  },
  "task_results": [
    {
      "task": "xor",
      "seed": 11,
      "test_acc_clean": 0.837013,
      "test_acc_perturbed": 0.805865,
      "inference_latency_ms": 43.845,
      "energy_rel_v4": 0.16318,
      "alpha": 1.293183,
      "delta": 0.746094,
      "alpha_delta_ratio": 1.733272,
      "eta_tern": 1.0,
      "zeta_Z3": 1.0,
      "V": 0.824904,
      "N": 0.89575,
      "S": 0.10425,
      "Df": 9.020734,
      "GS": 122.490386,
      "RT": 2.61803,
      "goldenscore": 0.90169,
      "spec_quality": 0.831833,
      "prompt_quality": 0.921875
    },
    {
      "task": "xor",
      "seed": 17,
      "test_acc_clean": 0.837226,
      "test_acc_perturbed": 0.804788,
      "inference_latency_ms": 43.845,
      "energy_rel_v4": 0.16318,
      "alpha": 1.293183,
      "delta": 0.746094,
      "alpha_delta_ratio": 1.733272,
      "eta_tern": 1.0,
      "zeta_Z3": 1.0,
      "V": 0.824616,
      "N": 0.895845,
      "S": 0.104155,
      "Df": 9.020757,
      "GS": 122.461569,
      "RT": 2.61803,
      "goldenscore": 0.901796,
      "spec_quality": 0.831833,
      "prompt_quality": 0.921875
    },
    {
      "task": "xor",
      "seed": 23,
      "test_acc_clean": 0.836588,
      "test_acc_perturbed": 0.808026,
      "inference_latency_ms": 43.845,
      "energy_rel_v4": 0.16318,
      "alpha": 1.293183,
      "delta": 0.746094,
      "alpha_delta_ratio": 1.733272,
      "eta_tern": 1.0,
      "zeta_Z3": 1.0,
      "V": 0.825482,
      "N": 0.895558,
      "S": 0.104442,
      "Df": 9.020688,
      "GS": 122.548239,
      "RT": 2.61803,
      "goldenscore": 0.901477,
      "spec_quality": 0.831833,
      "prompt_quality": 0.921875
    },
    {
      "task": "gmm",
      "seed": 11,
      "test_acc_clean": 0.985934,
      "test_acc_perturbed": 0.951494,
      "inference_latency_ms": 46.845,
      "energy_rel_v4": 0.17618,
      "alpha": 1.293183,
      "delta": 0.746094,
      "alpha_delta_ratio": 1.733272,
      "eta_tern": 1.0,
      "zeta_Z3": 1.0,
      "V": 0.923087,
      "N": 0.962764,
      "S": 0.037236,
      "Df": 9.01288,
      "GS": 132.308695,
      "RT": 2.61803,
      "goldenscore": 0.97615,
      "spec_quality": 0.831833,
      "prompt_quality": 0.921875
    },
    {
      "task": "gmm",
      "seed": 17,
      "test_acc_clean": 0.985382,
      "test_acc_perturbed": 0.949749,
      "inference_latency_ms": 46.845,
      "energy_rel_v4": 0.17618,
      "alpha": 1.293183,
      "delta": 0.746094,
      "alpha_delta_ratio": 1.733272,
      "eta_tern": 1.0,
      "zeta_Z3": 1.0,
      "V": 0.922322,
      "N": 0.962516,
      "S": 0.037484,
      "Df": 9.012941,
      "GS": 132.232152,
      "RT": 2.61803,
      "goldenscore": 0.975874,
      "spec_quality": 0.831833,
      "prompt_quality": 0.921875
    },
    {
      "task": "gmm",
      "seed": 23,
      "test_acc_clean": 0.985899,
      "test_acc_perturbed": 0.951383,
      "inference_latency_ms": 46.845,
      "energy_rel_v4": 0.17618,
      "alpha": 1.293183,
      "delta": 0.746094,
      "alpha_delta_ratio": 1.733272,
      "eta_tern": 1.0,
      "zeta_Z3": 1.0,
      "V": 0.923039,
      "N": 0.962748,
      "S": 0.037252,
      "Df": 9.012884,
      "GS": 132.303851,
      "RT": 2.61803,
      "goldenscore": 0.976133,
      "spec_quality": 0.831833,
      "prompt_quality": 0.921875
    }
  ],
  "summary": {
    "task_count": 2,
    "seed_count": 3,
    "spec_quality": 0.831833,
    "prompt_quality": 0.921875
  },
  "omega_core_snapshot": {
    "ontology_version": "1.0",
    "system_count": 6
  }
}