{
  "run_id": "20260629T004155Z",
  "timestamp": "20260629T004155Z",
  "config_path": "D:\\project\\python\\configs\\omega_loop_test.yaml",
  "output_root": "python\\runs",
  "run_dir": "python\\runs\\auto_research\\20260629T004155Z",
  "task_name": "auto_research",
  "active_mmss_system": "MMSSPHYSIC20FORMALIZEDv2",
  "active_mmss_spec": "D:\\project\\mmss_specs\\MMSSPHYSIC20FORMALIZEDv2.json",
  "active_prompt": "D:\\project\\llm\\prompts\\log_analysis.md",
  "final_metrics": {
    "test_acc_clean": 0.787028,
    "test_acc_perturbed": 0.752449,
    "inference_latency_ms": 50.33,
    "energy_rel_v4": 0.27701,
    "alpha": 1.123033,
    "delta": 0.596688,
    "alpha_delta_ratio": 1.882113,
    "eta_tern": 0.981033,
    "zeta_Z3": 0.844708,
    "V": 0.789937,
    "N": 0.84585,
    "S": 0.15415,
    "Df": 9.023592,
    "GS": 116.19013,
    "RT": 2.61803,
    "goldenscore": 0.841696,
    "spec_quality": 0.830333,
    "prompt_quality": 0.91375
  },
  "task_results": [
    {
      "task": "xor",
      "seed": 5,
      "test_acc_clean": 0.775997,
      "test_acc_perturbed": 0.743688,
      "inference_latency_ms": 46.33,
      "energy_rel_v4": 0.25151,
      "alpha": 1.123033,
      "delta": 0.596688,
      "alpha_delta_ratio": 1.882113,
      "eta_tern": 0.983033,
      "zeta_Z3": 0.851375,
      "V": 0.783339,
      "N": 0.840886,
      "S": 0.159114,
      "Df": 9.02412,
      "GS": 115.6804,
      "RT": 2.61803,
      "goldenscore": 0.837914,
      "spec_quality": 0.830333,
      "prompt_quality": 0.91375
    },
    {
      "task": "xor",
      "seed": 19,
      "test_acc_clean": 0.775983,
      "test_acc_perturbed": 0.735359,
      "inference_latency_ms": 46.33,
      "energy_rel_v4": 0.25151,
      "alpha": 1.123033,
      "delta": 0.596688,
      "alpha_delta_ratio": 1.882113,
      "eta_tern": 0.983033,
      "zeta_Z3": 0.851375,
      "V": 0.780558,
      "N": 0.84088,
      "S": 0.15912,
      "Df": 9.024342,
      "GS": 115.402305,
      "RT": 2.61803,
      "goldenscore": 0.837907,
      "spec_quality": 0.830333,
      "prompt_quality": 0.91375
    },
    {
      "task": "xor",
      "seed": 31,
      "test_acc_clean": 0.776027,
      "test_acc_perturbed": 0.743027,
      "inference_latency_ms": 46.33,
      "energy_rel_v4": 0.25151,
      "alpha": 1.123033,
      "delta": 0.596688,
      "alpha_delta_ratio": 1.882113,
      "eta_tern": 0.983033,
      "zeta_Z3": 0.851375,
      "V": 0.783129,
      "N": 0.8409,
      "S": 0.1591,
      "Df": 9.024136,
      "GS": 115.659387,
      "RT": 2.61803,
      "goldenscore": 0.837929,
      "spec_quality": 0.830333,
      "prompt_quality": 0.91375
    },
    {
      "task": "gmm",
      "seed": 5,
      "test_acc_clean": 0.807438,
      "test_acc_perturbed": 0.775259,
      "inference_latency_ms": 49.33,
      "energy_rel_v4": 0.26451,
      "alpha": 1.123033,
      "delta": 0.596688,
      "alpha_delta_ratio": 1.882113,
      "eta_tern": 0.973033,
      "zeta_Z3": 0.811375,
      "V": 0.804344,
      "N": 0.855035,
      "S": 0.144965,
      "Df": 9.022439,
      "GS": 116.930812,
      "RT": 2.61803,
      "goldenscore": 0.843634,
      "spec_quality": 0.830333,
      "prompt_quality": 0.91375
    },
    {
      "task": "gmm",
      "seed": 19,
      "test_acc_clean": 0.807832,
      "test_acc_perturbed": 0.771953,
      "inference_latency_ms": 49.33,
      "energy_rel_v4": 0.26451,
      "alpha": 1.123033,
      "delta": 0.596688,
      "alpha_delta_ratio": 1.882113,
      "eta_tern": 0.973033,
      "zeta_Z3": 0.811375,
      "V": 0.803373,
      "N": 0.855212,
      "S": 0.144788,
      "Df": 9.022517,
      "GS": 116.833722,
      "RT": 2.61803,
      "goldenscore": 0.843831,
      "spec_quality": 0.830333,
      "prompt_quality": 0.91375
    },
    {
      "task": "gmm",
      "seed": 31,
      "test_acc_clean": 0.807617,
      "test_acc_perturbed": 0.773751,
      "inference_latency_ms": 49.33,
      "energy_rel_v4": 0.26451,
      "alpha": 1.123033,
      "delta": 0.596688,
      "alpha_delta_ratio": 1.882113,
      "eta_tern": 0.973033,
      "zeta_Z3": 0.811375,
      "V": 0.8039,
      "N": 0.855115,
      "S": 0.144885,
      "Df": 9.022475,
      "GS": 116.886503,
      "RT": 2.61803,
      "goldenscore": 0.843724,
      "spec_quality": 0.830333,
      "prompt_quality": 0.91375
    },
    {
      "task": "mnist",
      "seed": 5,
      "test_acc_clean": 0.777519,
      "test_acc_perturbed": 0.741602,
      "inference_latency_ms": 55.33,
      "energy_rel_v4": 0.31501,
      "alpha": 1.123033,
      "delta": 0.596688,
      "alpha_delta_ratio": 1.882113,
      "eta_tern": 0.987033,
      "zeta_Z3": 0.871375,
      "V": 0.783151,
      "N": 0.841571,
      "S": 0.158429,
      "Df": 9.024135,
      "GS": 116.061602,
      "RT": 2.61803,
      "goldenscore": 0.843474,
      "spec_quality": 0.830333,
      "prompt_quality": 0.91375
    },
    {
      "task": "mnist",
      "seed": 19,
      "test_acc_clean": 0.777339,
      "test_acc_perturbed": 0.745332,
      "inference_latency_ms": 55.33,
      "energy_rel_v4": 0.31501,
      "alpha": 1.123033,
      "delta": 0.596688,
      "alpha_delta_ratio": 1.882113,
      "eta_tern": 0.987033,
      "zeta_Z3": 0.871375,
      "V": 0.784335,
      "N": 0.84149,
      "S": 0.15851,
      "Df": 9.02404,
      "GS": 116.179961,
      "RT": 2.61803,
      "goldenscore": 0.843385,
      "spec_quality": 0.830333,
      "prompt_quality": 0.91375
    },
    {
      "task": "mnist",
      "seed": 31,
      "test_acc_clean": 0.777496,
      "test_acc_perturbed": 0.742071,
      "inference_latency_ms": 55.33,
      "energy_rel_v4": 0.31501,
      "alpha": 1.123033,
      "delta": 0.596688,
      "alpha_delta_ratio": 1.882113,
      "eta_tern": 0.987033,
      "zeta_Z3": 0.871375,
      "V": 0.7833,
      "N": 0.841561,
      "S": 0.158439,
      "Df": 9.024123,
      "GS": 116.07648,
      "RT": 2.61803,
      "goldenscore": 0.843463,
      "spec_quality": 0.830333,
      "prompt_quality": 0.91375
    }
  ],
  "summary": {
    "task_count": 3,
    "seed_count": 3,
    "spec_quality": 0.830333,
    "prompt_quality": 0.91375
  },
  "omega_core_snapshot": {
    "ontology_version": "1.0",
    "system_count": 6
  }
}