{
  "run_id": "20260629T003039531908Z",
  "timestamp": "20260629T003039531908Z",
  "config_path": "D:\\project\\python\\configs\\active.yaml",
  "output_root": "python\\runs",
  "run_dir": "python\\runs\\auto_research\\20260629T003039531908Z",
  "task_name": "auto_research",
  "active_mmss_system": "MMSSMETASYNTHESISULTIMATEv1.0",
  "active_mmss_spec": "D:\\project\\mmss_specs\\MMSSMETASYNTHESISULTIMATEv1.0.json",
  "active_prompt": "D:\\project\\llm\\prompts\\hyperparam_suggestion.md",
  "final_metrics": {
    "test_acc_clean": 0.944285,
    "test_acc_perturbed": 0.913053,
    "inference_latency_ms": 46.5,
    "energy_rel_v4": 0.190197,
    "alpha": 1.253308,
    "delta": 0.77,
    "alpha_delta_ratio": 1.627673,
    "eta_tern": 1.0,
    "zeta_Z3": 1.0,
    "V": 0.896807,
    "N": 0.944928,
    "S": 0.055072,
    "Df": 9.014932,
    "GS": 129.680708,
    "RT": 2.61803,
    "goldenscore": 0.955451,
    "spec_quality": 0.833083,
    "prompt_quality": 1.0
  },
  "task_results": [
    {
      "task": "xor",
      "seed": 7,
      "test_acc_clean": 0.999208,
      "test_acc_perturbed": 0.969023,
      "inference_latency_ms": 42.5,
      "energy_rel_v4": 0.16003,
      "alpha": 1.253308,
      "delta": 0.77,
      "alpha_delta_ratio": 1.627673,
      "eta_tern": 1.0,
      "zeta_Z3": 1.0,
      "V": 0.933772,
      "N": 0.969644,
      "S": 0.030356,
      "Df": 9.011975,
      "GS": 133.377151,
      "RT": 2.61803,
      "goldenscore": 0.982913,
      "spec_quality": 0.833083,
      "prompt_quality": 1.0
    },
    {
      "task": "xor",
      "seed": 13,
      "test_acc_clean": 0.99935,
      "test_acc_perturbed": 0.962825,
      "inference_latency_ms": 42.5,
      "energy_rel_v4": 0.16003,
      "alpha": 1.253308,
      "delta": 0.77,
      "alpha_delta_ratio": 1.627673,
      "eta_tern": 1.0,
      "zeta_Z3": 1.0,
      "V": 0.931753,
      "N": 0.969707,
      "S": 0.030293,
      "Df": 9.012136,
      "GS": 133.175265,
      "RT": 2.61803,
      "goldenscore": 0.982983,
      "spec_quality": 0.833083,
      "prompt_quality": 1.0
    },
    {
      "task": "xor",
      "seed": 29,
      "test_acc_clean": 0.998812,
      "test_acc_perturbed": 0.969441,
      "inference_latency_ms": 42.5,
      "energy_rel_v4": 0.16003,
      "alpha": 1.253308,
      "delta": 0.77,
      "alpha_delta_ratio": 1.627673,
      "eta_tern": 1.0,
      "zeta_Z3": 1.0,
      "V": 0.933779,
      "N": 0.969465,
      "S": 0.030535,
      "Df": 9.011974,
      "GS": 133.377891,
      "RT": 2.61803,
      "goldenscore": 0.982714,
      "spec_quality": 0.833083,
      "prompt_quality": 1.0
    },
    {
      "task": "gmm",
      "seed": 7,
      "test_acc_clean": 0.833442,
      "test_acc_perturbed": 0.804729,
      "inference_latency_ms": 45.5,
      "energy_rel_v4": 0.18703,
      "alpha": 1.253308,
      "delta": 0.77,
      "alpha_delta_ratio": 1.627673,
      "eta_tern": 1.0,
      "zeta_Z3": 1.0,
      "V": 0.823751,
      "N": 0.895049,
      "S": 0.104951,
      "Df": 9.020777,
      "GS": 122.375147,
      "RT": 2.61803,
      "goldenscore": 0.90003,
      "spec_quality": 0.833083,
      "prompt_quality": 1.0
    },
    {
      "task": "gmm",
      "seed": 13,
      "test_acc_clean": 0.833603,
      "test_acc_perturbed": 0.803854,
      "inference_latency_ms": 45.5,
      "energy_rel_v4": 0.18703,
      "alpha": 1.253308,
      "delta": 0.77,
      "alpha_delta_ratio": 1.627673,
      "eta_tern": 1.0,
      "zeta_Z3": 1.0,
      "V": 0.823514,
      "N": 0.895121,
      "S": 0.104879,
      "Df": 9.020796,
      "GS": 122.351357,
      "RT": 2.61803,
      "goldenscore": 0.90011,
      "spec_quality": 0.833083,
      "prompt_quality": 1.0
    },
    {
      "task": "gmm",
      "seed": 29,
      "test_acc_clean": 0.834152,
      "test_acc_perturbed": 0.800889,
      "inference_latency_ms": 45.5,
      "energy_rel_v4": 0.18703,
      "alpha": 1.253308,
      "delta": 0.77,
      "alpha_delta_ratio": 1.627673,
      "eta_tern": 1.0,
      "zeta_Z3": 1.0,
      "V": 0.822708,
      "N": 0.895368,
      "S": 0.104632,
      "Df": 9.02086,
      "GS": 122.270808,
      "RT": 2.61803,
      "goldenscore": 0.900384,
      "spec_quality": 0.833083,
      "prompt_quality": 1.0
    },
    {
      "task": "mnist",
      "seed": 7,
      "test_acc_clean": 1.0,
      "test_acc_perturbed": 0.970845,
      "inference_latency_ms": 51.5,
      "energy_rel_v4": 0.22353,
      "alpha": 1.253308,
      "delta": 0.77,
      "alpha_delta_ratio": 1.627673,
      "eta_tern": 1.0,
      "zeta_Z3": 1.0,
      "V": 0.934643,
      "N": 0.97,
      "S": 0.03,
      "Df": 9.011905,
      "GS": 133.464292,
      "RT": 2.61803,
      "goldenscore": 0.983308,
      "spec_quality": 0.833083,
      "prompt_quality": 1.0
    },
    {
      "task": "mnist",
      "seed": 13,
      "test_acc_clean": 1.0,
      "test_acc_perturbed": 0.964543,
      "inference_latency_ms": 51.5,
      "energy_rel_v4": 0.22353,
      "alpha": 1.253308,
      "delta": 0.77,
      "alpha_delta_ratio": 1.627673,
      "eta_tern": 1.0,
      "zeta_Z3": 1.0,
      "V": 0.932542,
      "N": 0.97,
      "S": 0.03,
      "Df": 9.012073,
      "GS": 133.254226,
      "RT": 2.61803,
      "goldenscore": 0.983308,
      "spec_quality": 0.833083,
      "prompt_quality": 1.0
    },
    {
      "task": "mnist",
      "seed": 29,
      "test_acc_clean": 1.0,
      "test_acc_perturbed": 0.971324,
      "inference_latency_ms": 51.5,
      "energy_rel_v4": 0.22353,
      "alpha": 1.253308,
      "delta": 0.77,
      "alpha_delta_ratio": 1.627673,
      "eta_tern": 1.0,
      "zeta_Z3": 1.0,
      "V": 0.934802,
      "N": 0.97,
      "S": 0.03,
      "Df": 9.011892,
      "GS": 133.480233,
      "RT": 2.61803,
      "goldenscore": 0.983308,
      "spec_quality": 0.833083,
      "prompt_quality": 1.0
    }
  ],
  "summary": {
    "task_count": 3,
    "seed_count": 3,
    "spec_quality": 0.833083,
    "prompt_quality": 1.0
  },
  "omega_core_snapshot": {
    "ontology_version": "1.0",
    "system_count": 6
  }
}