{
  "run_id": "20260629T112301869663Z",
  "timestamp": "20260629T112301869663Z",
  "config_path": "python\\configs\\omega_loop_test.yaml",
  "output_root": "python\\runs",
  "run_dir": "python\\runs\\auto_research\\20260629T112301869663Z",
  "task_name": "auto_research",
  "active_mmss_system": "MMSSPHYSIC20FORMALIZEDv2",
  "active_mmss_spec": "D:\\project\\mmss_specs\\MMSSPHYSIC20FORMALIZEDv2.json",
  "active_prompt": "D:\\project\\llm\\prompts\\work\\log_analysis.md",
  "final_metrics": {
    "test_acc_clean": 0.787213,
    "test_acc_perturbed": 0.752634,
    "inference_latency_ms": 50.33,
    "energy_rel_v4": 0.270572,
    "alpha": 1.11994,
    "delta": 0.625687,
    "alpha_delta_ratio": 1.789935,
    "eta_tern": 0.97794,
    "zeta_Z3": 0.844708,
    "V": 0.779749,
    "N": 0.845933,
    "S": 0.154067,
    "Df": 9.025644,
    "GS": 115.094007,
    "RT": 2.61803,
    "goldenscore": 0.838076,
    "spec_quality": 0.7994,
    "prompt_quality": 0.91375
  },
  "task_results": [
    {
      "task": "xor",
      "seed": 5,
      "test_acc_clean": 0.775858,
      "test_acc_perturbed": 0.743548,
      "inference_latency_ms": 46.33,
      "energy_rel_v4": 0.245072,
      "alpha": 1.11994,
      "delta": 0.625687,
      "alpha_delta_ratio": 1.789935,
      "eta_tern": 0.97994,
      "zeta_Z3": 0.851375,
      "V": 0.772935,
      "N": 0.840823,
      "S": 0.159177,
      "Df": 9.026189,
      "GS": 114.56264,
      "RT": 2.61803,
      "goldenscore": 0.834132,
      "spec_quality": 0.7994,
      "prompt_quality": 0.91375
    },
    {
      "task": "xor",
      "seed": 19,
      "test_acc_clean": 0.775843,
      "test_acc_perturbed": 0.735219,
      "inference_latency_ms": 46.33,
      "energy_rel_v4": 0.245072,
      "alpha": 1.11994,
      "delta": 0.625687,
      "alpha_delta_ratio": 1.789935,
      "eta_tern": 0.97994,
      "zeta_Z3": 0.851375,
      "V": 0.770154,
      "N": 0.840817,
      "S": 0.159183,
      "Df": 9.026412,
      "GS": 114.284516,
      "RT": 2.61803,
      "goldenscore": 0.834124,
      "spec_quality": 0.7994,
      "prompt_quality": 0.91375
    },
    {
      "task": "xor",
      "seed": 31,
      "test_acc_clean": 0.775888,
      "test_acc_perturbed": 0.742889,
      "inference_latency_ms": 46.33,
      "energy_rel_v4": 0.245072,
      "alpha": 1.11994,
      "delta": 0.625687,
      "alpha_delta_ratio": 1.789935,
      "eta_tern": 0.97994,
      "zeta_Z3": 0.851375,
      "V": 0.772726,
      "N": 0.840837,
      "S": 0.159163,
      "Df": 9.026206,
      "GS": 114.541685,
      "RT": 2.61803,
      "goldenscore": 0.834147,
      "spec_quality": 0.7994,
      "prompt_quality": 0.91375
    },
    {
      "task": "gmm",
      "seed": 5,
      "test_acc_clean": 0.808224,
      "test_acc_perturbed": 0.776044,
      "inference_latency_ms": 49.33,
      "energy_rel_v4": 0.258072,
      "alpha": 1.11994,
      "delta": 0.625687,
      "alpha_delta_ratio": 1.789935,
      "eta_tern": 0.96994,
      "zeta_Z3": 0.811375,
      "V": 0.794556,
      "N": 0.855388,
      "S": 0.144612,
      "Df": 9.02446,
      "GS": 115.874727,
      "RT": 2.61803,
      "goldenscore": 0.840315,
      "spec_quality": 0.7994,
      "prompt_quality": 0.91375
    },
    {
      "task": "gmm",
      "seed": 19,
      "test_acc_clean": 0.808629,
      "test_acc_perturbed": 0.77275,
      "inference_latency_ms": 49.33,
      "energy_rel_v4": 0.258072,
      "alpha": 1.11994,
      "delta": 0.625687,
      "alpha_delta_ratio": 1.789935,
      "eta_tern": 0.96994,
      "zeta_Z3": 0.811375,
      "V": 0.793593,
      "N": 0.85557,
      "S": 0.14443,
      "Df": 9.024537,
      "GS": 115.778409,
      "RT": 2.61803,
      "goldenscore": 0.840517,
      "spec_quality": 0.7994,
      "prompt_quality": 0.91375
    },
    {
      "task": "gmm",
      "seed": 31,
      "test_acc_clean": 0.808408,
      "test_acc_perturbed": 0.774541,
      "inference_latency_ms": 49.33,
      "energy_rel_v4": 0.258072,
      "alpha": 1.11994,
      "delta": 0.625687,
      "alpha_delta_ratio": 1.789935,
      "eta_tern": 0.96994,
      "zeta_Z3": 0.811375,
      "V": 0.794116,
      "N": 0.855471,
      "S": 0.144529,
      "Df": 9.024495,
      "GS": 115.83077,
      "RT": 2.61803,
      "goldenscore": 0.840407,
      "spec_quality": 0.7994,
      "prompt_quality": 0.91375
    },
    {
      "task": "mnist",
      "seed": 5,
      "test_acc_clean": 0.777424,
      "test_acc_perturbed": 0.741507,
      "inference_latency_ms": 55.33,
      "energy_rel_v4": 0.308572,
      "alpha": 1.11994,
      "delta": 0.625687,
      "alpha_delta_ratio": 1.789935,
      "eta_tern": 0.98394,
      "zeta_Z3": 0.871375,
      "V": 0.772777,
      "N": 0.841528,
      "S": 0.158472,
      "Df": 9.026202,
      "GS": 114.946826,
      "RT": 2.61803,
      "goldenscore": 0.839715,
      "spec_quality": 0.7994,
      "prompt_quality": 0.91375
    },
    {
      "task": "mnist",
      "seed": 19,
      "test_acc_clean": 0.777239,
      "test_acc_perturbed": 0.745232,
      "inference_latency_ms": 55.33,
      "energy_rel_v4": 0.308572,
      "alpha": 1.11994,
      "delta": 0.625687,
      "alpha_delta_ratio": 1.789935,
      "eta_tern": 0.98394,
      "zeta_Z3": 0.871375,
      "V": 0.773957,
      "N": 0.841445,
      "S": 0.158555,
      "Df": 9.026107,
      "GS": 115.064833,
      "RT": 2.61803,
      "goldenscore": 0.839623,
      "spec_quality": 0.7994,
      "prompt_quality": 0.91375
    },
    {
      "task": "mnist",
      "seed": 31,
      "test_acc_clean": 0.777401,
      "test_acc_perturbed": 0.741975,
      "inference_latency_ms": 55.33,
      "energy_rel_v4": 0.308572,
      "alpha": 1.11994,
      "delta": 0.625687,
      "alpha_delta_ratio": 1.789935,
      "eta_tern": 0.98394,
      "zeta_Z3": 0.871375,
      "V": 0.772925,
      "N": 0.841518,
      "S": 0.158482,
      "Df": 9.02619,
      "GS": 114.96166,
      "RT": 2.61803,
      "goldenscore": 0.839703,
      "spec_quality": 0.7994,
      "prompt_quality": 0.91375
    }
  ],
  "summary": {
    "task_count": 3,
    "seed_count": 3,
    "spec_quality": 0.7994,
    "prompt_quality": 0.91375
  },
  "omega_core_snapshot": {
    "ontology_version": "1.0",
    "system_count": 6
  }
}