{
  "run_id": "20260629T004524Z",
  "timestamp": "20260629T004524Z",
  "config_path": "D:\\project\\python\\configs\\omega_loop_test.yaml",
  "output_root": "python\\runs",
  "run_dir": "python\\runs\\auto_research\\20260629T004524Z",
  "task_name": "auto_research",
  "active_mmss_system": "MMSSPHYSIC20FORMALIZEDv2",
  "active_mmss_spec": "D:\\project\\mmss_specs\\MMSSPHYSIC20FORMALIZEDv2.json",
  "active_prompt": "D:\\project\\llm\\prompts\\log_analysis.md",
  "final_metrics": {
    "test_acc_clean": 0.787138,
    "test_acc_perturbed": 0.752559,
    "inference_latency_ms": 50.33,
    "energy_rel_v4": 0.270932,
    "alpha": 1.11964,
    "delta": 0.625687,
    "alpha_delta_ratio": 1.789456,
    "eta_tern": 0.97764,
    "zeta_Z3": 0.844708,
    "V": 0.778699,
    "N": 0.845899,
    "S": 0.154101,
    "Df": 9.025848,
    "GS": 114.981507,
    "RT": 2.61803,
    "goldenscore": 0.837678,
    "spec_quality": 0.7964,
    "prompt_quality": 0.91375
  },
  "task_results": [
    {
      "task": "xor",
      "seed": 5,
      "test_acc_clean": 0.775783,
      "test_acc_perturbed": 0.743473,
      "inference_latency_ms": 46.33,
      "energy_rel_v4": 0.245432,
      "alpha": 1.11964,
      "delta": 0.625687,
      "alpha_delta_ratio": 1.789456,
      "eta_tern": 0.97964,
      "zeta_Z3": 0.851375,
      "V": 0.771885,
      "N": 0.84079,
      "S": 0.15921,
      "Df": 9.026393,
      "GS": 114.45014,
      "RT": 2.61803,
      "goldenscore": 0.833734,
      "spec_quality": 0.7964,
      "prompt_quality": 0.91375
    },
    {
      "task": "xor",
      "seed": 19,
      "test_acc_clean": 0.775768,
      "test_acc_perturbed": 0.735144,
      "inference_latency_ms": 46.33,
      "energy_rel_v4": 0.245432,
      "alpha": 1.11964,
      "delta": 0.625687,
      "alpha_delta_ratio": 1.789456,
      "eta_tern": 0.97964,
      "zeta_Z3": 0.851375,
      "V": 0.769104,
      "N": 0.840783,
      "S": 0.159217,
      "Df": 9.026616,
      "GS": 114.172016,
      "RT": 2.61803,
      "goldenscore": 0.833727,
      "spec_quality": 0.7964,
      "prompt_quality": 0.91375
    },
    {
      "task": "xor",
      "seed": 31,
      "test_acc_clean": 0.775813,
      "test_acc_perturbed": 0.742814,
      "inference_latency_ms": 46.33,
      "energy_rel_v4": 0.245432,
      "alpha": 1.11964,
      "delta": 0.625687,
      "alpha_delta_ratio": 1.789456,
      "eta_tern": 0.97964,
      "zeta_Z3": 0.851375,
      "V": 0.771676,
      "N": 0.840803,
      "S": 0.159197,
      "Df": 9.02641,
      "GS": 114.429185,
      "RT": 2.61803,
      "goldenscore": 0.83375,
      "spec_quality": 0.7964,
      "prompt_quality": 0.91375
    },
    {
      "task": "gmm",
      "seed": 5,
      "test_acc_clean": 0.808149,
      "test_acc_perturbed": 0.775969,
      "inference_latency_ms": 49.33,
      "energy_rel_v4": 0.258432,
      "alpha": 1.11964,
      "delta": 0.625687,
      "alpha_delta_ratio": 1.789456,
      "eta_tern": 0.96964,
      "zeta_Z3": 0.811375,
      "V": 0.793506,
      "N": 0.855354,
      "S": 0.144646,
      "Df": 9.024664,
      "GS": 115.762227,
      "RT": 2.61803,
      "goldenscore": 0.839917,
      "spec_quality": 0.7964,
      "prompt_quality": 0.91375
    },
    {
      "task": "gmm",
      "seed": 19,
      "test_acc_clean": 0.808554,
      "test_acc_perturbed": 0.772675,
      "inference_latency_ms": 49.33,
      "energy_rel_v4": 0.258432,
      "alpha": 1.11964,
      "delta": 0.625687,
      "alpha_delta_ratio": 1.789456,
      "eta_tern": 0.96964,
      "zeta_Z3": 0.811375,
      "V": 0.792543,
      "N": 0.855537,
      "S": 0.144463,
      "Df": 9.024741,
      "GS": 115.665909,
      "RT": 2.61803,
      "goldenscore": 0.84012,
      "spec_quality": 0.7964,
      "prompt_quality": 0.91375
    },
    {
      "task": "gmm",
      "seed": 31,
      "test_acc_clean": 0.808333,
      "test_acc_perturbed": 0.774466,
      "inference_latency_ms": 49.33,
      "energy_rel_v4": 0.258432,
      "alpha": 1.11964,
      "delta": 0.625687,
      "alpha_delta_ratio": 1.789456,
      "eta_tern": 0.96964,
      "zeta_Z3": 0.811375,
      "V": 0.793066,
      "N": 0.855437,
      "S": 0.144563,
      "Df": 9.024699,
      "GS": 115.71827,
      "RT": 2.61803,
      "goldenscore": 0.84001,
      "spec_quality": 0.7964,
      "prompt_quality": 0.91375
    },
    {
      "task": "mnist",
      "seed": 5,
      "test_acc_clean": 0.777349,
      "test_acc_perturbed": 0.741432,
      "inference_latency_ms": 55.33,
      "energy_rel_v4": 0.308932,
      "alpha": 1.11964,
      "delta": 0.625687,
      "alpha_delta_ratio": 1.789456,
      "eta_tern": 0.98364,
      "zeta_Z3": 0.871375,
      "V": 0.771727,
      "N": 0.841495,
      "S": 0.158505,
      "Df": 9.026406,
      "GS": 114.834326,
      "RT": 2.61803,
      "goldenscore": 0.839317,
      "spec_quality": 0.7964,
      "prompt_quality": 0.91375
    },
    {
      "task": "mnist",
      "seed": 19,
      "test_acc_clean": 0.777164,
      "test_acc_perturbed": 0.745157,
      "inference_latency_ms": 55.33,
      "energy_rel_v4": 0.308932,
      "alpha": 1.11964,
      "delta": 0.625687,
      "alpha_delta_ratio": 1.789456,
      "eta_tern": 0.98364,
      "zeta_Z3": 0.871375,
      "V": 0.772907,
      "N": 0.841411,
      "S": 0.158589,
      "Df": 9.026311,
      "GS": 114.952333,
      "RT": 2.61803,
      "goldenscore": 0.839225,
      "spec_quality": 0.7964,
      "prompt_quality": 0.91375
    },
    {
      "task": "mnist",
      "seed": 31,
      "test_acc_clean": 0.777326,
      "test_acc_perturbed": 0.7419,
      "inference_latency_ms": 55.33,
      "energy_rel_v4": 0.308932,
      "alpha": 1.11964,
      "delta": 0.625687,
      "alpha_delta_ratio": 1.789456,
      "eta_tern": 0.98364,
      "zeta_Z3": 0.871375,
      "V": 0.771875,
      "N": 0.841484,
      "S": 0.158516,
      "Df": 9.026394,
      "GS": 114.84916,
      "RT": 2.61803,
      "goldenscore": 0.839306,
      "spec_quality": 0.7964,
      "prompt_quality": 0.91375
    }
  ],
  "summary": {
    "task_count": 3,
    "seed_count": 3,
    "spec_quality": 0.7964,
    "prompt_quality": 0.91375
  },
  "omega_core_snapshot": {
    "ontology_version": "1.0",
    "system_count": 6
  }
}