{
  "run_id": "20260629T123358756008Z",
  "timestamp": "20260629T123358756008Z",
  "config_path": "python\\configs\\omega_experiment_01.yaml",
  "output_root": "python\\runs",
  "run_dir": "python\\runs\\auto_research\\20260629T123358756008Z",
  "task_name": "auto_research",
  "active_mmss_system": "MMSSUNIVERSALMETALAYERv1.0",
  "active_mmss_spec": "D:\\project\\mmss_specs\\MMSSUNIVERSALMETALAYERv1.0.json",
  "active_prompt": "D:\\project\\llm\\prompts\\work\\mmss_synthesis.md",
  "final_metrics": {
    "test_acc_clean": 0.910499,
    "test_acc_perturbed": 0.87771,
    "inference_latency_ms": 45.345,
    "energy_rel_v4": 0.173716,
    "alpha": 1.28982,
    "delta": 0.746094,
    "alpha_delta_ratio": 1.728764,
    "eta_tern": 1.0,
    "zeta_Z3": 1.0,
    "V": 0.862136,
    "N": 0.928818,
    "S": 0.071181,
    "Df": 9.019101,
    "GS": 126.213649,
    "RT": 2.61803,
    "goldenscore": 0.93507,
    "spec_quality": 0.7982,
    "prompt_quality": 0.921875
  },
  "task_results": [
    {
      "task": "xor",
      "seed": 11,
      "test_acc_clean": 0.836172,
      "test_acc_perturbed": 0.805024,
      "inference_latency_ms": 43.845,
      "energy_rel_v4": 0.167216,
      "alpha": 1.28982,
      "delta": 0.746094,
      "alpha_delta_ratio": 1.728764,
      "eta_tern": 1.0,
      "zeta_Z3": 1.0,
      "V": 0.813132,
      "N": 0.895371,
      "S": 0.104629,
      "Df": 9.023021,
      "GS": 121.313219,
      "RT": 2.61803,
      "goldenscore": 0.897906,
      "spec_quality": 0.7982,
      "prompt_quality": 0.921875
    },
    {
      "task": "xor",
      "seed": 17,
      "test_acc_clean": 0.836385,
      "test_acc_perturbed": 0.803947,
      "inference_latency_ms": 43.845,
      "energy_rel_v4": 0.167216,
      "alpha": 1.28982,
      "delta": 0.746094,
      "alpha_delta_ratio": 1.728764,
      "eta_tern": 1.0,
      "zeta_Z3": 1.0,
      "V": 0.812844,
      "N": 0.895467,
      "S": 0.104533,
      "Df": 9.023044,
      "GS": 121.284402,
      "RT": 2.61803,
      "goldenscore": 0.898013,
      "spec_quality": 0.7982,
      "prompt_quality": 0.921875
    },
    {
      "task": "xor",
      "seed": 23,
      "test_acc_clean": 0.835747,
      "test_acc_perturbed": 0.807185,
      "inference_latency_ms": 43.845,
      "energy_rel_v4": 0.167216,
      "alpha": 1.28982,
      "delta": 0.746094,
      "alpha_delta_ratio": 1.728764,
      "eta_tern": 1.0,
      "zeta_Z3": 1.0,
      "V": 0.813711,
      "N": 0.89518,
      "S": 0.10482,
      "Df": 9.022975,
      "GS": 121.371073,
      "RT": 2.61803,
      "goldenscore": 0.897694,
      "spec_quality": 0.7982,
      "prompt_quality": 0.921875
    },
    {
      "task": "gmm",
      "seed": 11,
      "test_acc_clean": 0.985093,
      "test_acc_perturbed": 0.950653,
      "inference_latency_ms": 46.845,
      "energy_rel_v4": 0.180216,
      "alpha": 1.28982,
      "delta": 0.746094,
      "alpha_delta_ratio": 1.728764,
      "eta_tern": 1.0,
      "zeta_Z3": 1.0,
      "V": 0.911315,
      "N": 0.962386,
      "S": 0.037614,
      "Df": 9.015167,
      "GS": 131.131529,
      "RT": 2.61803,
      "goldenscore": 0.972366,
      "spec_quality": 0.7982,
      "prompt_quality": 0.921875
    },
    {
      "task": "gmm",
      "seed": 17,
      "test_acc_clean": 0.984541,
      "test_acc_perturbed": 0.948908,
      "inference_latency_ms": 46.845,
      "energy_rel_v4": 0.180216,
      "alpha": 1.28982,
      "delta": 0.746094,
      "alpha_delta_ratio": 1.728764,
      "eta_tern": 1.0,
      "zeta_Z3": 1.0,
      "V": 0.91055,
      "N": 0.962137,
      "S": 0.037863,
      "Df": 9.015228,
      "GS": 131.054986,
      "RT": 2.61803,
      "goldenscore": 0.972091,
      "spec_quality": 0.7982,
      "prompt_quality": 0.921875
    },
    {
      "task": "gmm",
      "seed": 23,
      "test_acc_clean": 0.985058,
      "test_acc_perturbed": 0.950543,
      "inference_latency_ms": 46.845,
      "energy_rel_v4": 0.180216,
      "alpha": 1.28982,
      "delta": 0.746094,
      "alpha_delta_ratio": 1.728764,
      "eta_tern": 1.0,
      "zeta_Z3": 1.0,
      "V": 0.911267,
      "N": 0.96237,
      "S": 0.03763,
      "Df": 9.015171,
      "GS": 131.126684,
      "RT": 2.61803,
      "goldenscore": 0.972349,
      "spec_quality": 0.7982,
      "prompt_quality": 0.921875
    }
  ],
  "summary": {
    "task_count": 2,
    "seed_count": 3,
    "spec_quality": 0.7982,
    "prompt_quality": 0.921875
  },
  "omega_core_snapshot": {
    "ontology_version": "1.0",
    "system_count": 6
  }
}