{
  "run_id": "20260629T094216235006Z",
  "timestamp": "20260629T094216235006Z",
  "config_path": "python\\configs\\active.yaml",
  "output_root": "python\\runs",
  "run_dir": "python\\runs\\auto_research\\20260629T094216235006Z",
  "task_name": "auto_research",
  "active_mmss_system": "MMSSMETASYNTHESISULTIMATEv1.0",
  "active_mmss_spec": "D:\\project\\mmss_specs\\MMSSMETASYNTHESISULTIMATEv1.0.json",
  "active_prompt": "D:\\project\\llm\\prompts\\work\\hyperparam_suggestion.md",
  "final_metrics": {
    "test_acc_clean": 0.940344,
    "test_acc_perturbed": 0.909112,
    "inference_latency_ms": 46.5,
    "energy_rel_v4": 0.19813,
    "alpha": 1.253308,
    "delta": 0.734,
    "alpha_delta_ratio": 1.707505,
    "eta_tern": 1.0,
    "zeta_Z3": 1.0,
    "V": 0.89418,
    "N": 0.943155,
    "S": 0.056845,
    "Df": 9.015142,
    "GS": 129.417986,
    "RT": 2.61803,
    "goldenscore": 0.953481,
    "spec_quality": 0.833083,
    "prompt_quality": 1.0
  },
  "task_results": [
    {
      "task": "xor",
      "seed": 7,
      "test_acc_clean": 0.990603,
      "test_acc_perturbed": 0.960417,
      "inference_latency_ms": 42.5,
      "energy_rel_v4": 0.17263,
      "alpha": 1.253308,
      "delta": 0.734,
      "alpha_delta_ratio": 1.707505,
      "eta_tern": 1.0,
      "zeta_Z3": 1.0,
      "V": 0.928034,
      "N": 0.965771,
      "S": 0.034229,
      "Df": 9.012434,
      "GS": 132.803425,
      "RT": 2.61803,
      "goldenscore": 0.97861,
      "spec_quality": 0.833083,
      "prompt_quality": 1.0
    },
    {
      "task": "xor",
      "seed": 13,
      "test_acc_clean": 0.990739,
      "test_acc_perturbed": 0.954214,
      "inference_latency_ms": 42.5,
      "energy_rel_v4": 0.17263,
      "alpha": 1.253308,
      "delta": 0.734,
      "alpha_delta_ratio": 1.707505,
      "eta_tern": 1.0,
      "zeta_Z3": 1.0,
      "V": 0.926012,
      "N": 0.965832,
      "S": 0.034168,
      "Df": 9.012596,
      "GS": 132.601207,
      "RT": 2.61803,
      "goldenscore": 0.978678,
      "spec_quality": 0.833083,
      "prompt_quality": 1.0
    },
    {
      "task": "xor",
      "seed": 29,
      "test_acc_clean": 0.99022,
      "test_acc_perturbed": 0.960849,
      "inference_latency_ms": 42.5,
      "energy_rel_v4": 0.17263,
      "alpha": 1.253308,
      "delta": 0.734,
      "alpha_delta_ratio": 1.707505,
      "eta_tern": 1.0,
      "zeta_Z3": 1.0,
      "V": 0.928051,
      "N": 0.965599,
      "S": 0.034401,
      "Df": 9.012433,
      "GS": 132.805099,
      "RT": 2.61803,
      "goldenscore": 0.978418,
      "spec_quality": 0.833083,
      "prompt_quality": 1.0
    },
    {
      "task": "gmm",
      "seed": 7,
      "test_acc_clean": 0.833753,
      "test_acc_perturbed": 0.80504,
      "inference_latency_ms": 45.5,
      "energy_rel_v4": 0.18563,
      "alpha": 1.253308,
      "delta": 0.734,
      "alpha_delta_ratio": 1.707505,
      "eta_tern": 1.0,
      "zeta_Z3": 1.0,
      "V": 0.823959,
      "N": 0.895189,
      "S": 0.104811,
      "Df": 9.02076,
      "GS": 122.395885,
      "RT": 2.61803,
      "goldenscore": 0.900185,
      "spec_quality": 0.833083,
      "prompt_quality": 1.0
    },
    {
      "task": "gmm",
      "seed": 13,
      "test_acc_clean": 0.833915,
      "test_acc_perturbed": 0.804166,
      "inference_latency_ms": 45.5,
      "energy_rel_v4": 0.18563,
      "alpha": 1.253308,
      "delta": 0.734,
      "alpha_delta_ratio": 1.707505,
      "eta_tern": 1.0,
      "zeta_Z3": 1.0,
      "V": 0.823721,
      "N": 0.895262,
      "S": 0.104738,
      "Df": 9.020779,
      "GS": 122.372139,
      "RT": 2.61803,
      "goldenscore": 0.900266,
      "spec_quality": 0.833083,
      "prompt_quality": 1.0
    },
    {
      "task": "gmm",
      "seed": 29,
      "test_acc_clean": 0.834466,
      "test_acc_perturbed": 0.801203,
      "inference_latency_ms": 45.5,
      "energy_rel_v4": 0.18563,
      "alpha": 1.253308,
      "delta": 0.734,
      "alpha_delta_ratio": 1.707505,
      "eta_tern": 1.0,
      "zeta_Z3": 1.0,
      "V": 0.822917,
      "N": 0.89551,
      "S": 0.10449,
      "Df": 9.020843,
      "GS": 122.291736,
      "RT": 2.61803,
      "goldenscore": 0.900541,
      "spec_quality": 0.833083,
      "prompt_quality": 1.0
    },
    {
      "task": "mnist",
      "seed": 7,
      "test_acc_clean": 0.996161,
      "test_acc_perturbed": 0.967006,
      "inference_latency_ms": 51.5,
      "energy_rel_v4": 0.23613,
      "alpha": 1.253308,
      "delta": 0.734,
      "alpha_delta_ratio": 1.707505,
      "eta_tern": 1.0,
      "zeta_Z3": 1.0,
      "V": 0.932084,
      "N": 0.968272,
      "S": 0.031728,
      "Df": 9.01211,
      "GS": 133.208363,
      "RT": 2.61803,
      "goldenscore": 0.981389,
      "spec_quality": 0.833083,
      "prompt_quality": 1.0
    },
    {
      "task": "mnist",
      "seed": 13,
      "test_acc_clean": 0.997312,
      "test_acc_perturbed": 0.961856,
      "inference_latency_ms": 51.5,
      "energy_rel_v4": 0.23613,
      "alpha": 1.253308,
      "delta": 0.734,
      "alpha_delta_ratio": 1.707505,
      "eta_tern": 1.0,
      "zeta_Z3": 1.0,
      "V": 0.93075,
      "N": 0.96879,
      "S": 0.03121,
      "Df": 9.012217,
      "GS": 133.075031,
      "RT": 2.61803,
      "goldenscore": 0.981964,
      "spec_quality": 0.833083,
      "prompt_quality": 1.0
    },
    {
      "task": "mnist",
      "seed": 29,
      "test_acc_clean": 0.995931,
      "test_acc_perturbed": 0.967255,
      "inference_latency_ms": 51.5,
      "energy_rel_v4": 0.23613,
      "alpha": 1.253308,
      "delta": 0.734,
      "alpha_delta_ratio": 1.707505,
      "eta_tern": 1.0,
      "zeta_Z3": 1.0,
      "V": 0.93209,
      "N": 0.968169,
      "S": 0.031831,
      "Df": 9.012109,
      "GS": 133.208987,
      "RT": 2.61803,
      "goldenscore": 0.981274,
      "spec_quality": 0.833083,
      "prompt_quality": 1.0
    }
  ],
  "summary": {
    "task_count": 3,
    "seed_count": 3,
    "spec_quality": 0.833083,
    "prompt_quality": 1.0
  },
  "omega_core_snapshot": {
    "ontology_version": "1.0",
    "system_count": 6
  }
}