{
  "run_id": "20260629T004925Z",
  "timestamp": "20260629T004925Z",
  "config_path": "D:\\project\\python\\configs\\omega_loop_test.yaml",
  "output_root": "python\\runs",
  "run_dir": "python\\runs\\auto_research\\20260629T004925Z",
  "task_name": "auto_research",
  "active_mmss_system": "MMSSPHYSIC20FORMALIZEDv2",
  "active_mmss_spec": "D:\\project\\mmss_specs\\MMSSPHYSIC20FORMALIZEDv2.json",
  "active_prompt": "D:\\project\\llm\\prompts\\log_analysis.md",
  "final_metrics": {
    "test_acc_clean": 0.787986,
    "test_acc_perturbed": 0.753407,
    "inference_latency_ms": 50.33,
    "energy_rel_v4": 0.26686,
    "alpha": 1.123033,
    "delta": 0.625687,
    "alpha_delta_ratio": 1.794879,
    "eta_tern": 0.981033,
    "zeta_Z3": 0.844708,
    "V": 0.790576,
    "N": 0.846281,
    "S": 0.153719,
    "Df": 9.023541,
    "GS": 116.254007,
    "RT": 2.61803,
    "goldenscore": 0.842175,
    "spec_quality": 0.830333,
    "prompt_quality": 0.91375
  },
  "task_results": [
    {
      "task": "xor",
      "seed": 5,
      "test_acc_clean": 0.776631,
      "test_acc_perturbed": 0.744321,
      "inference_latency_ms": 46.33,
      "energy_rel_v4": 0.24136,
      "alpha": 1.123033,
      "delta": 0.625687,
      "alpha_delta_ratio": 1.794879,
      "eta_tern": 0.983033,
      "zeta_Z3": 0.851375,
      "V": 0.783762,
      "N": 0.841171,
      "S": 0.158829,
      "Df": 9.024086,
      "GS": 115.72264,
      "RT": 2.61803,
      "goldenscore": 0.83823,
      "spec_quality": 0.830333,
      "prompt_quality": 0.91375
    },
    {
      "task": "xor",
      "seed": 19,
      "test_acc_clean": 0.776616,
      "test_acc_perturbed": 0.735992,
      "inference_latency_ms": 46.33,
      "energy_rel_v4": 0.24136,
      "alpha": 1.123033,
      "delta": 0.625687,
      "alpha_delta_ratio": 1.794879,
      "eta_tern": 0.983033,
      "zeta_Z3": 0.851375,
      "V": 0.780981,
      "N": 0.841165,
      "S": 0.158835,
      "Df": 9.024308,
      "GS": 115.444516,
      "RT": 2.61803,
      "goldenscore": 0.838223,
      "spec_quality": 0.830333,
      "prompt_quality": 0.91375
    },
    {
      "task": "xor",
      "seed": 31,
      "test_acc_clean": 0.776662,
      "test_acc_perturbed": 0.743662,
      "inference_latency_ms": 46.33,
      "energy_rel_v4": 0.24136,
      "alpha": 1.123033,
      "delta": 0.625687,
      "alpha_delta_ratio": 1.794879,
      "eta_tern": 0.983033,
      "zeta_Z3": 0.851375,
      "V": 0.783552,
      "N": 0.841185,
      "S": 0.158815,
      "Df": 9.024102,
      "GS": 115.701685,
      "RT": 2.61803,
      "goldenscore": 0.838246,
      "spec_quality": 0.830333,
      "prompt_quality": 0.91375
    },
    {
      "task": "gmm",
      "seed": 5,
      "test_acc_clean": 0.808997,
      "test_acc_perturbed": 0.776818,
      "inference_latency_ms": 49.33,
      "energy_rel_v4": 0.25436,
      "alpha": 1.123033,
      "delta": 0.625687,
      "alpha_delta_ratio": 1.794879,
      "eta_tern": 0.973033,
      "zeta_Z3": 0.811375,
      "V": 0.805383,
      "N": 0.855736,
      "S": 0.144264,
      "Df": 9.022356,
      "GS": 117.034727,
      "RT": 2.61803,
      "goldenscore": 0.844414,
      "spec_quality": 0.830333,
      "prompt_quality": 0.91375
    },
    {
      "task": "gmm",
      "seed": 19,
      "test_acc_clean": 0.809402,
      "test_acc_perturbed": 0.773523,
      "inference_latency_ms": 49.33,
      "energy_rel_v4": 0.25436,
      "alpha": 1.123033,
      "delta": 0.625687,
      "alpha_delta_ratio": 1.794879,
      "eta_tern": 0.973033,
      "zeta_Z3": 0.811375,
      "V": 0.80442,
      "N": 0.855918,
      "S": 0.144082,
      "Df": 9.022433,
      "GS": 116.938409,
      "RT": 2.61803,
      "goldenscore": 0.844616,
      "spec_quality": 0.830333,
      "prompt_quality": 0.91375
    },
    {
      "task": "gmm",
      "seed": 31,
      "test_acc_clean": 0.809181,
      "test_acc_perturbed": 0.775315,
      "inference_latency_ms": 49.33,
      "energy_rel_v4": 0.25436,
      "alpha": 1.123033,
      "delta": 0.625687,
      "alpha_delta_ratio": 1.794879,
      "eta_tern": 0.973033,
      "zeta_Z3": 0.811375,
      "V": 0.804943,
      "N": 0.855819,
      "S": 0.144181,
      "Df": 9.022391,
      "GS": 116.99077,
      "RT": 2.61803,
      "goldenscore": 0.844506,
      "spec_quality": 0.830333,
      "prompt_quality": 0.91375
    },
    {
      "task": "mnist",
      "seed": 5,
      "test_acc_clean": 0.778197,
      "test_acc_perturbed": 0.74228,
      "inference_latency_ms": 55.33,
      "energy_rel_v4": 0.30486,
      "alpha": 1.123033,
      "delta": 0.625687,
      "alpha_delta_ratio": 1.794879,
      "eta_tern": 0.987033,
      "zeta_Z3": 0.871375,
      "V": 0.783604,
      "N": 0.841876,
      "S": 0.158124,
      "Df": 9.024098,
      "GS": 116.106826,
      "RT": 2.61803,
      "goldenscore": 0.843814,
      "spec_quality": 0.830333,
      "prompt_quality": 0.91375
    },
    {
      "task": "mnist",
      "seed": 19,
      "test_acc_clean": 0.778012,
      "test_acc_perturbed": 0.746005,
      "inference_latency_ms": 55.33,
      "energy_rel_v4": 0.30486,
      "alpha": 1.123033,
      "delta": 0.625687,
      "alpha_delta_ratio": 1.794879,
      "eta_tern": 0.987033,
      "zeta_Z3": 0.871375,
      "V": 0.784784,
      "N": 0.841793,
      "S": 0.158207,
      "Df": 9.024004,
      "GS": 116.224833,
      "RT": 2.61803,
      "goldenscore": 0.843721,
      "spec_quality": 0.830333,
      "prompt_quality": 0.91375
    },
    {
      "task": "mnist",
      "seed": 31,
      "test_acc_clean": 0.778174,
      "test_acc_perturbed": 0.742749,
      "inference_latency_ms": 55.33,
      "energy_rel_v4": 0.30486,
      "alpha": 1.123033,
      "delta": 0.625687,
      "alpha_delta_ratio": 1.794879,
      "eta_tern": 0.987033,
      "zeta_Z3": 0.871375,
      "V": 0.783752,
      "N": 0.841866,
      "S": 0.158134,
      "Df": 9.024087,
      "GS": 116.12166,
      "RT": 2.61803,
      "goldenscore": 0.843802,
      "spec_quality": 0.830333,
      "prompt_quality": 0.91375
    }
  ],
  "summary": {
    "task_count": 3,
    "seed_count": 3,
    "spec_quality": 0.830333,
    "prompt_quality": 0.91375
  },
  "omega_core_snapshot": {
    "ontology_version": "1.0",
    "system_count": 6
  }
}